#nodes,avgmsg,se
100 4.32670212766 0.83790441274
250 3.31548 0.0789686621389
400 3.27255 0.0498760714171
550 3.27292729 0.0363271491913
700 3.26777146 0.0354759557169
850 3.26498823 0.0258706340103
1000 3.26541 0.02458214596
1150 3.26723789706 0.0169892121967
1300 3.26271491176 0.0238631014605
1450 3.30122618519 0.190700891983
1600 3.261125 0.0196508587599
