#nodes,mean,stderr
100 4.32670212766 0.83790441274
250 3.31548 0.0789686621389
400 3.27255 0.0498760714171
550 3.27292729 0.0363271491913
700 3.26777146 0.0354759557169
850 3.26498823 0.0258706340103
1000 3.26541 0.02458214596
1150 3.2676261 0.0176972209753
1300 3.25996154 0.0242282716703
1450 3.27859234247 0.118608900675
1600 3.26105113636 0.0204268080557
