#nodes,mean,stderr
100 14.9468085106 2.73809617535
250 16.36 3.0741502891
400 16.34 2.11291268158
550 16.2 2.02977831302
700 16.29 1.73375315429
850 16.9 1.75783958312
1000 16.68 1.78258239641
1150 17.08 1.91143924832
1300 17.2763157895 1.8538628534
1450 17.5636363636 1.6041269091
1600 18.0 1.9843134833
