#nodes,maxtime,se
100 25.8559872128 11.3135062482
250 14.20412884 3.2186321456
400 13.5041588 2.69244339334
550 13.50409888 2.2911506064
700 13.90409888 2.40609625684
850 14.35406892 1.68136220724
1000 14.1541588 2.00662818837
1150 14.1952295294 2.03097195363
1300 14.5629206471 1.4179007389
1450 14.6337495926 1.88825379061
1600 14.6708754 1.24647179522
